[{
		"id":"Mlik001",
		"title":"3段(6-10个月宝宝)800g 铁罐装【3罐组合】",
		"keyword":"奶粉",
		"brand":"德国直邮 荷兰Nutrilon牛栏",
		"showimgurl":"../img/list-img/146615296015672_225x225.jpg",
		"hideimgurl":"../img/list-img/146615296015672_225x225.jpg",
		"url":"#",
		"ahref":"http://www.qinqinbaby.com/goods/10071569",
		"price":1300,	
		"off":0.6
},
{
		"id":"Mlik002",
		"title":"4段(6-10个月宝宝)800g 铁罐装【3罐组合】",
		"keyword":"奶粉",
		"brand":"德国直邮 荷兰Nutrilon牛栏",
		"showimgurl":"../img/list-img/146615323070927_225x225.jpg",
		"hideimgurl":"../img/list-img/146615323763358_225x225.jpg",
		"ahref":"http://www.qinqinbaby.com/goods/10071572",
		"url":"#",
		"price":1300,	
		"off":0.6
},
{
		"id":"Mlik003",
		"title":"5段(6-10个月宝宝)800g 铁罐装【3罐组合】",
		"keyword":"奶粉",
		"brand":"德国直邮 荷兰Nutrilon牛栏",
		"showimgurl":"../img/list-img/146615334860374_225x225.jpg",
		"hideimgurl":"../img/list-img/146615335637583_225x225.jpg",
		"url":"#",
		"ahref":"http://www.qinqinbaby.com/goods/10071573",
		"price":1300,	
		"off":0.6
},
{
		"id":"Mlik004",
		"title":"400g*2袋",
		"keyword":"奶粉",
		"brand":"伊利高蛋白脱脂高钙",
		"showimgurl":"../img/list-img/146638719643471_225x225.jpg",
		"hideimgurl":"../img/list-img/146638719775172_225x225.jpg",
		"url":"#",
		"ahref":"http://www.qinqinbaby.com/goods/10072215",
		"price":89,	
		"off":0.63
},
{
		"id":"Mlik005",
		"title":"巧克力味/香草味 900g/罐",
		"keyword":"奶粉",
		"brand":"新西兰原装进口雀巢Sustagen孕产妇营养",
		"showimgurl":"../img/list-img/146615296015672_225x225.jpg",
		"hideimgurl":"../img/list-img/146683739130538_225x225.jpg",
		"url":"#",
		"ahref":"http://www.qinqinbaby.com/goods/10074177",
		"price":184,	
		"off":0.6
},
{
		"id":"Mlik006",
		"title":"1kg*2袋 新西兰原装进口",
		"keyword":"奶粉",
		"brand":"Anchor 安佳 全脂成人",
		"showimgurl":"../img/list-img/146699250661146_225x225.jpg",
		"hideimgurl":"../img/list-img/146699250999018_225x225.jpg",
		"url":"#",
		"ahref":"http://www.qinqinbaby.com/goods/10074563",
		"price":208,	
		"off":0.76
},
{
		"id":"Mlik007",
		"title":"1KG袋装",
		"keyword":"奶粉",
		"brand":"安佳Anchor脱脂",
		"showimgurl":"../img/list-img/146699327392270_225x225.jpg",
		"hideimgurl":"../img/list-img/146699327486740_225x225.jpg",
		"url":"#",
		"ahref":"http://www.qinqinbaby.com/goods/10074566",
		"price":69,	
		"off":1
},
{
		"id":"Mlik008",
		"title":"孕妇学生女士中老年人的速溶牛奶 1KG/袋*6",
		"keyword":"奶粉",
		"brand":"Anchor安佳成人全脂/脱脂营养",
		"showimgurl":"../img/list-img/146710338537615_225x225.jpg",
		"hideimgurl":"../img/list-img/146710338661279_225x225.jpg",
		"url":"#",
		"ahref":"http://www.qinqinbaby.com/goods/10075246",
		"price":588,	
		"off":0.77
},
{
		"id":"Mlik009",
		"title":"储存盒/便携奶粉罐-3分格",
		"keyword":"奶粉 ",
		"brand":"AMOS",
		"showimgurl":"../img/list-img/146721051344786_225x225.jpg",
		"hideimgurl":"../img/list-img/146721051429790_225x225.jpg",
		"url":"#",
		"ahref":"http://www.qinqinbaby.com/goods/10075926",
		"price":38,	
		"off":1
},
{
		"id":"Mlik010",
		"title":"盒 宝宝奶粉格奶粉分装盒便携奶粉盒大容量",
		"keyword":"奶粉",
		"brand":"小土豆婴儿三层",
		"showimgurl":"../img/list-img/146900637145672_225x225.jpg",
		"hideimgurl":"../img/list-img/146891902284742_225x225.jpg",
		"url":"#",
		"ahref":"http://www.qinqinbaby.com/goods/10077857",
		"price":35,	
		"off":0.74
},
{
		"id":"Mlik011",
		"title":"1段(0-6个月宝宝) 800g 铁罐装【3罐组合】",
		"keyword":"奶粉",
		"brand":"德国直邮 荷兰Nutrilon牛栏",
		"showimgurl":"../img/list-img/146978372228462_225x225.jpg",
		"hideimgurl":"../img/list-img/146615296015672_225x225.jpg",
		"url":"#",
		"ahref":"http://www.qinqinbaby.com/goods/10079855",
		"price":499,	
		"off":0.88
},
{
		"id":"Mlik012",
		"title":"2段(6-10个月宝宝)800g 铁罐装【3罐组合】",
		"keyword":"奶粉",
		"brand":"德国直邮 荷兰Nutrilon牛栏",
		"showimgurl":"../img/list-img/146978478055965_225x225.jpg",
		"hideimgurl":"../img/list-img/146615296015672_225x225.jpg",
		"url":"#",
		"ahref":"http://www.qinqinbaby.com/goods/10079860",
		"price":499,	
		"off":0.88
},
{
		"id":"Mlik013",
		"title":"2段(6-10个月宝宝)800g 铁罐装【3罐组合】",
		"keyword":"奶粉",
		"brand":"德国直邮 荷兰Nutrilon牛栏",
		"showimgurl":"../img/list-img/146978478055965_225x225.jpg",
		"hideimgurl":"../img/list-img/146615296015672_225x225.jpg",
		"url":"#",
		"ahref":"http://www.qinqinbaby.com/goods/10079863",
		"price":499,	
		"off":0.88
},
{
		"id":"Mlik014",
		"title":"2段(6-10个月宝宝)800g 铁罐装【3罐组合】",
		"keyword":"奶粉",
		"brand":"德国直邮 荷兰Nutrilon牛栏",
		"showimgurl":"../img/list-img/146615296015672_225x225.jpg",
		"hideimgurl":"../img/list-img/146615296015672_225x225.jpg",
		"url":"#",
		"ahref":"http://www.qinqinbaby.com/goods/10079864",
		"price":499,	
		"off":0.88
},
{
		"id":"Mlik015",
		"title":"5段(24-36个月宝宝)800g 铁罐装【3罐组合】",
		"keyword":"奶粉",
		"brand":"保税区直发 荷兰Nutrilon牛栏",
		"showimgurl":"../img/list-img/146615296015672_225x225.jpg",
		"hideimgurl":"../img/list-img/146615296015672_225x225.jpg",
		"url":"#",
		"ahref":"http://www.qinqinbaby.com/goods/10079866",
		"price":359,	
		"off":0.8
},
{
		"id":"Mlik016",
		"title":"900g/罐",
		"keyword":"奶粉",
		"brand":"OZ FARM 孕妇",
		"showimgurl":"../img/list-img/147035684667824_225x225.jpg",
		"hideimgurl":"../img/list-img/147035684788312_225x225.jpg",
		"url":"#",
		"ahref":"http://www.qinqinbaby.com/goods/10080433",
		"price":199,	
		"off":0.85
},
{
		"id":"Mlik017",
		"title":"1段(0-6个月宝宝）850g【2罐起发】（2017)",
		"keyword":"奶粉",
		"brand":"（临期）保税区直发 荷兰Nutrilon牛栏",
		"showimgurl":"../img/list-img/147064470432181_225x225.jpg",
		"hideimgurl":"../img/list-img/147064470599422_225x225.jpg",
		"url":"#",
		"ahref":"http://www.qinqinbaby.com/goods/10080720",
		"price":169,	
		"off":0.5
},
{
		"id":"Mlik018",
		"title":"宝宝奶粉新西兰原装进口奶粉1段(0-6个月)900g*1罐",
		"keyword":"奶粉",
		"brand":"爱睿惠婴儿奶粉新生儿",
		"showimgurl":"../img/list-img/147151424664229_225x225.jpg",
		"hideimgurl":"../img/list-img/147151420116628_225x225.jpg",
		"url":"#",
		"ahref":"http://www.qinqinbaby.com/goods/10081526",
		"price":198,	
		"off":0.5
},
{
		"id":"Mlik019",
		"title":"宝宝奶粉新西兰原装进口奶粉婴儿奶粉2段(6-12个月)900g*1罐",
		"keyword":"奶粉",
		"brand":"爱睿惠 婴儿",
		"showimgurl":"../img/list-img/147151447623920_225x225.jpg",
		"hideimgurl":"../img/list-img/147151443096521_225x225.jpg",
		"url":"#",
		"ahref":"http://www.qinqinbaby.com/goods/10081527",
		"price":198,	
		"off":0.5
},
{
		"id":"Mlik020",
		"title":"幼儿奶粉宝宝奶粉新西兰原装进口奶粉3段(1-3岁)900g*1罐",
		"keyword":"奶粉",
		"brand":"爱睿惠婴儿",
		"showimgurl":"../img/list-img/147151464984153_225x225.jpg",
		"hideimgurl":"../img/list-img/147151460426720_225x225.jpg",
		"url":"#",
		"ahref":"http://www.qinqinbaby.com/goods/10081528",
		"price":198,	
		"off":0.5
},
{
		"id":"Mlik021",
		"title":"宝宝奶粉幼儿奶粉新西兰原装进口奶粉3段(1-3岁)900g*2罐",
		"keyword":"奶粉",
		"brand":"爱睿惠婴儿",
		"showimgurl":"../img/list-img/147151464984153_225x225.jpg",
		"hideimgurl":"../img/list-img/147157518911042_225x225.jpg",
		"url":"#",
		"ahref":"http://www.qinqinbaby.com/goods/10081566",
		"price":396,	
		"off":0.5
},
{
		"id":"Mlik022",
		"title":"宝宝奶粉新西兰原装进口幼儿奶粉3段(1-3岁)900g*4罐",
		"keyword":"奶粉",
		"brand":"爱睿惠婴儿",
		"showimgurl":"../img/list-img/147157544456001_225x225.jpg",
		"hideimgurl":"../img/list-img/147157524515566_225x225.jpg",
		"url":"#",
		"ahref":"http://www.qinqinbaby.com/goods/10081567",
		"price":792,	
		"off":0.5
},
{
		"id":"Mlik023",
		"title":"宝宝奶粉幼儿奶粉三段新西兰原装进口奶粉3段(1-3岁)900g*6罐",
		"keyword":"奶粉",
		"brand":"爱睿惠婴儿",
		"showimgurl":"../img/list-img/147157544456001_225x225.jpg",
		"hideimgurl":"../img/list-img/147157550192359_225x225.jpg",
		"url":"#",
		"ahref":"http://www.qinqinbaby.com/goods/10081568",
		"price":1188,	
		"off":0.5
},
{
		"id":"Mlik024",
		"title":"宝宝奶粉新西兰原装进口奶粉较大婴儿奶粉2段(6-12个月)900g*2 罐",
		"keyword":"奶粉",
		"brand":"爱睿惠婴儿",
		"showimgurl":"../img/list-img/147157579857780_225x225.jpg",
		"hideimgurl":"../img/list-img/147157579988526_225x225.jpg",
		"url":"#",
		"ahref":"http://www.qinqinbaby.com/goods/10081570",
		"price":396,	
		"off":0.5
},
{
		"id":"Mlik025",
		"title":"宝宝奶粉新西兰原装进口奶粉较大婴儿奶粉2段(6-12个月)900g*6 罐",
		"keyword":"奶粉",
		"brand":"爱睿惠婴儿",
		"showimgurl":"../img/list-img/147157601685693_225x225.jpg",
		"hideimgurl":"../img/list-img/147157596178954_225x225.jpg",
		"url":"#",
		"ahref":"http://www.qinqinbaby.com/goods/10081572",
		"price":1188,	
		"off":0.5
},
{
		"id":"Mlik026",
		"title":"宝宝奶粉新西兰原装进口奶粉1段(0-6个月)900g*2 罐",
		"keyword":"奶粉",
		"brand":"爱睿惠婴儿",
		"showimgurl":"../img/list-img/147157621476891_225x225.jpg",
		"hideimgurl":"../img/list-img/147157635516496_225x225.jpg",
		"url":"#",
		"ahref":"http://www.qinqinbaby.com/goods/10081573",
		"price":396,	
		"off":0.5
},
{
		"id":"Mlik027",
		"title":"宝宝奶粉新西兰原装进口奶粉奶粉1段(0-6个月)900g*6罐",
		"keyword":"奶粉",
		"brand":"爱睿惠婴儿",
		"showimgurl":"../img/list-img/147157635592683_225x225.jpg",
		"hideimgurl":"../img/list-img/147157635516496_225x225.jpg",
		"url":"#",
		"ahref":"http://www.qinqinbaby.com/goods/10081575",
		"price":1188,	
		"off":0.5
},
{
		"id":"Mlik028",
		"title":"色奶粉盒 可做奶瓶多功能奶粉格 E80016",
		"keyword":"奶粉",
		"brand":"好孩子婴儿便携彩",
		"showimgurl":"../img/list-img/147184621215025_225x225.jpg",
		"hideimgurl":"../img/list-img/147184611222562_225x225.jpg",
		"url":"#",
		"ahref":"http://www.qinqinbaby.com/goods/10081789",
		"price":75,	
		"off":0.8
},
{
		"id":"Mlik029",
		"title":"Pre段（0-3个月 800g）【2罐】",
		"keyword":"奶粉",
		"brand":"德国Aptamil爱他美婴幼儿配方",
		"showimgurl":"../img/list-img/147245286569594_225x225.jpg",
		"hideimgurl":"../img/list-img/147245266799564_225x225.jpg",
		"url":"#",
		"ahref":"http://www.qinqinbaby.com/goods/10082474",
		"price":590,	
		"off":0.54
},
{
		"id":"Mlik030",
		"title":"1段（0-6个月宝宝）800g【2盒】",
		"keyword":"奶粉",
		"brand":"荷兰Hero Baby美素",
		"showimgurl":"../img/list-img/147246081911909_225x225.JPG",
		"hideimgurl":"../img/list-img/147246082041521_225x225.JPG",
		"url":"#",
		"ahref":"http://www.qinqinbaby.com/goods/10082499",
		"price":456,	
		"off":0.38
},
{
		"id":"Mlik031",
		"title":"3180g小听1-3岁 厂家直销 品质保证（ 限购2厅））",
		"keyword":"奶粉",
		"brand":"YB/御宝 婴儿羊",
		"showimgurl":"../img/list-img/147270228549460_225x225.jpg",
		"hideimgurl":"../img/list-img/147270228627131_225x225.jpg",
		"url":"#",
		"ahref":"http://www.qinqinbaby.com/goods/10083140",
		"price":68,	
		"off":0.44
},
{
		"id":"Mlik032",
		"title":"2段婴幼儿配方180g小厅6-12个月 厂家直销 品质保证（限购2厅）",
		"keyword":"奶粉",
		"brand":"YB/御宝 羊奶",
		"showimgurl":"../img/list-img/147271124493429_225x225.jpg",
		"hideimgurl":"../img/list-img/147271124534325_225x225.jpg",
		"url":"#",
		"ahref":"http://www.qinqinbaby.com/goods/10083175",
		"price":68,	
		"off":0.44
}]
